Event Index,UTC Timestamp,UTC Date and Time,Local Timestamp,Local Timezone,Local Date and Time,Experiment ID,Experiment Version,Tree Node Key,Repeat Key,Schedule ID,Participant Public ID,Participant Private ID,Participant Starting Group,Participant Status,Participant Completion Code,Participant External Session ID,Participant Device Type,Participant Device,Participant OS,Participant Browser,Participant Monitor Size,Participant Viewport Size,Checkpoint,Room ID,Room Order,Task Name,Task Version,randomiser-m3e1,branch-sizd,branch-yuxs,Page,Page ID,Page Counter,Question,Response Type,Key,Response,Tag,OptionOrder,Object Name,Object Number,Object ID
1,1720095897934,04/07/2024 12:24:57,1720099497934,1,04/07/2024 14:24:57,172913,29,questionnaire-8mck,,38751301,BLIND,11371805,,complete,,,mobile,Apple iPhone,iOS 17.5.1,Mobile Safari 17.5,390x844,390x663,,,0,Debrief Form,2,D,Consent,eligible,,,,,info,,BEGIN,,,,,
2,1720095904012,04/07/2024 12:25:04,1720099504012,1,04/07/2024 14:25:04,172913,29,questionnaire-8mck,,38751301,BLIND,11371805,,complete,,,mobile,Apple iPhone,iOS 17.5.1,Mobile Safari 17.5,390x844,390x663,,,0,Debrief Form,2,D,Consent,eligible,,,,,info,,END,,,,,
1,1720096207779,04/07/2024 12:30:07,1720099807779,1,04/07/2024 14:30:07,172913,29,questionnaire-8mck,,38751462,BLIND,11371837,,complete,,,mobile,Apple iPhone,iOS 17.5.1,Mobile Safari 17.5,414x896,414x714,,,0,Debrief Form,2,F,Consent,eligible,,,,,info,,BEGIN,,,,,
2,1720096217779,04/07/2024 12:30:17,1720099817779,1,04/07/2024 14:30:17,172913,29,questionnaire-8mck,,38751462,BLIND,11371837,,complete,,,mobile,Apple iPhone,iOS 17.5.1,Mobile Safari 17.5,414x896,414x714,,,0,Debrief Form,2,F,Consent,eligible,,,,,info,,END,,,,,
1,1720097044100,04/07/2024 12:44:04,1720100644100,1,04/07/2024 14:44:04,172913,29,questionnaire-8mck,,38752055,BLIND,11371842,,complete,,,computer,Desktop or Laptop,Windows 10,Edge 125.0.0.0,1366x768,1358x654,,,0,Debrief Form,2,B,Consent,eligible,,,,,info,,BEGIN,,,,,
2,1720097057236,04/07/2024 12:44:17,1720100657236,1,04/07/2024 14:44:17,172913,29,questionnaire-8mck,,38752055,BLIND,11371842,,complete,,,computer,Desktop or Laptop,Windows 10,Edge 125.0.0.0,1366x768,1358x654,,,0,Debrief Form,2,B,Consent,eligible,,,,,info,,END,,,,,
1,1720097010549,04/07/2024 12:43:30,1720100610549,1,04/07/2024 14:43:30,172913,29,questionnaire-8mck,,38752057,BLIND,11371844,,complete,,,computer,Desktop or Laptop,Windows 10,Chrome 126.0.0.0,1920x1080,1920x919,,,0,Debrief Form,2,C,Consent,eligible,,,,,info,,BEGIN,,,,,
2,1720097014875,04/07/2024 12:43:34,1720100614875,1,04/07/2024 14:43:34,172913,29,questionnaire-8mck,,38752057,BLIND,11371844,,complete,,,computer,Desktop or Laptop,Windows 10,Chrome 126.0.0.0,1920x1080,1920x919,,,0,Debrief Form,2,C,Consent,eligible,,,,,info,,END,,,,,
1,1720096472647,04/07/2024 12:34:32,1720100072647,1,04/07/2024 14:34:32,172913,29,questionnaire-8mck,,38751610,BLIND,11371872,,complete,,,computer,Desktop or Laptop,Ubuntu undefined,Firefox 127.0,1920x1080,1920x934,,,0,Debrief Form,2,A,Consent,eligible,,,,,info,,BEGIN,,,,,
2,1720096489880,04/07/2024 12:34:49,1720100089880,1,04/07/2024 14:34:49,172913,29,questionnaire-8mck,,38751610,BLIND,11371872,,complete,,,computer,Desktop or Laptop,Ubuntu undefined,Firefox 127.0,1920x1080,1920x934,,,0,Debrief Form,2,A,Consent,eligible,,,,,info,,END,,,,,
1,1720166714059,05/07/2024 08:05:14,1720170314059,1,05/07/2024 10:05:14,172913,29,questionnaire-8mck,,38764471,BLIND,11375529,,complete,,,mobile,Apple iPhone,iOS 17.5.1,Mobile Safari 17.5,414x896,414x714,,,0,Debrief Form,2,B,Consent,eligible,,,,,info,,BEGIN,,,,,
2,1720166724118,05/07/2024 08:05:24,1720170324118,1,05/07/2024 10:05:24,172913,29,questionnaire-8mck,,38764471,BLIND,11375529,,complete,,,mobile,Apple iPhone,iOS 17.5.1,Mobile Safari 17.5,414x896,414x714,,,0,Debrief Form,2,B,Consent,eligible,,,,,info,,END,,,,,
1,1720168422936,05/07/2024 08:33:42,1720172022936,1,05/07/2024 10:33:42,172913,29,questionnaire-8mck,,38765062,BLIND,11375531,,complete,,,mobile,undefined K,Android 10,Chrome 126.0.0.0,412x915,412x783,,,0,Debrief Form,2,C,Consent,eligible,,,,,info,,BEGIN,,,,,
2,1720168436329,05/07/2024 08:33:56,1720172036329,1,05/07/2024 10:33:56,172913,29,questionnaire-8mck,,38765062,BLIND,11375531,,complete,,,mobile,undefined K,Android 10,Chrome 126.0.0.0,412x915,412x839,,,0,Debrief Form,2,C,Consent,eligible,,,,,info,,END,,,,,
1,1720166933054,05/07/2024 08:08:53,1720170533054,1,05/07/2024 10:08:53,172913,29,questionnaire-8mck,,38764518,BLIND,11375532,,complete,,,mobile,undefined K,Android 10,Chrome 126.0.0.0,412x869,412x724,,,0,Debrief Form,2,E,Consent,eligible,,,,,info,,BEGIN,,,,,
2,1720166944499,05/07/2024 08:09:04,1720170544499,1,05/07/2024 10:09:04,172913,29,questionnaire-8mck,,38764518,BLIND,11375532,,complete,,,mobile,undefined K,Android 10,Chrome 126.0.0.0,412x869,412x780,,,0,Debrief Form,2,E,Consent,eligible,,,,,info,,END,,,,,
1,1720167132499,05/07/2024 08:12:12,1720170732499,1,05/07/2024 10:12:12,172913,29,questionnaire-8mck,,38764585,BLIND,11375533,,complete,,,mobile,Apple iPhone,iOS 17.5.1,Mobile Safari 17.5,390x844,390x663,,,0,Debrief Form,2,D,Consent,eligible,,,,,info,,BEGIN,,,,,
2,1720167154670,05/07/2024 08:12:34,1720170754670,1,05/07/2024 10:12:34,172913,29,questionnaire-8mck,,38764585,BLIND,11375533,,complete,,,mobile,Apple iPhone,iOS 17.5.1,Mobile Safari 17.5,390x844,390x663,,,0,Debrief Form,2,D,Consent,eligible,,,,,info,,END,,,,,
1,1720167229483,05/07/2024 08:13:49,1720170829483,1,05/07/2024 10:13:49,172913,29,questionnaire-8mck,,38764621,BLIND,11375534,,complete,,,tablet,undefined K,Android 10,Chrome 126.0.0.0,800x1280,800x1106,,,0,Debrief Form,2,C,Consent,eligible,,,,,info,,BEGIN,,,,,
2,1720167238256,05/07/2024 08:13:58,1720170838256,1,05/07/2024 10:13:58,172913,29,questionnaire-8mck,,38764621,BLIND,11375534,,complete,,,tablet,undefined K,Android 10,Chrome 126.0.0.0,1280x800,1280x722,,,0,Debrief Form,2,C,Consent,eligible,,,,,info,,END,,,,,
1,1720167262609,05/07/2024 08:14:22,1720170862609,1,05/07/2024 10:14:22,172913,29,questionnaire-8mck,,38764633,BLIND,11375545,,complete,,,mobile,Apple iPhone,iOS 17.5.1,Mobile Safari 17.5,390x844,390x663,,,0,Debrief Form,2,F,Consent,eligible,,,,,info,,BEGIN,,,,,
2,1720167288049,05/07/2024 08:14:48,1720170888049,1,05/07/2024 10:14:48,172913,29,questionnaire-8mck,,38764633,BLIND,11375545,,complete,,,mobile,Apple iPhone,iOS 17.5.1,Mobile Safari 17.5,390x844,390x663,,,0,Debrief Form,2,F,Consent,eligible,,,,,info,,END,,,,,
1,1720167279674,05/07/2024 08:14:39,1720170879674,1,05/07/2024 10:14:39,172913,29,questionnaire-8mck,,38764638,BLIND,11375537,,complete,,,computer,Desktop or Laptop,Windows 10,Edge 126.0.0.0,1024x768,1016x630,,,0,Debrief Form,2,D,Consent,eligible,,,,,info,,BEGIN,,,,,
2,1720167452009,05/07/2024 08:17:32,1720171052009,1,05/07/2024 10:17:32,172913,29,questionnaire-8mck,,38764638,BLIND,11375537,,complete,,,computer,Desktop or Laptop,Windows 10,Edge 126.0.0.0,1024x768,1016x630,,,0,Debrief Form,2,D,Consent,eligible,,,,,info,,END,,,,,
1,1720167429289,05/07/2024 08:17:09,1720171029289,1,05/07/2024 10:17:09,172913,29,questionnaire-8mck,,38764700,BLIND,11375583,,complete,,,computer,Desktop or Laptop,Windows 10,Chrome 126.0.0.0,2560x1440,2560x1305,,,0,Debrief Form,2,B,Consent,eligible,,,,,info,,BEGIN,,,,,
2,1720167455610,05/07/2024 08:17:35,1720171055610,1,05/07/2024 10:17:35,172913,29,questionnaire-8mck,,38764700,BLIND,11375583,,complete,,,computer,Desktop or Laptop,Windows 10,Chrome 126.0.0.0,2560x1440,2560x1305,,,0,Debrief Form,2,B,Consent,eligible,,,,,info,,END,,,,,
1,1720168472924,05/07/2024 08:34:32,1720172072924,1,05/07/2024 10:34:32,172913,29,questionnaire-8mck,,38765107,BLIND,11375644,,complete,,,computer,Desktop or Laptop,Mac OS 10.15.7,Chrome 126.0.0.0,1440x900,1440x788,,,0,Debrief Form,2,E,Consent,eligible,,,,,info,,BEGIN,,,,,
2,1720168475960,05/07/2024 08:34:35,1720172075960,1,05/07/2024 10:34:35,172913,29,questionnaire-8mck,,38765107,BLIND,11375644,,complete,,,computer,Desktop or Laptop,Mac OS 10.15.7,Chrome 126.0.0.0,1440x900,1440x788,,,0,Debrief Form,2,E,Consent,eligible,,,,,info,,END,,,,,
1,1720168501802,05/07/2024 08:35:01,1720172101802,1,05/07/2024 10:35:01,172913,29,questionnaire-8mck,,38765125,BLIND,11375648,,complete,,,computer,Desktop or Laptop,Windows 10,Chrome 126.0.0.0,1280x1024,1280x863,,,0,Debrief Form,2,E,Consent,eligible,,,,,info,,BEGIN,,,,,
2,1720168520521,05/07/2024 08:35:20,1720172120521,1,05/07/2024 10:35:20,172913,29,questionnaire-8mck,,38765125,BLIND,11375648,,complete,,,computer,Desktop or Laptop,Windows 10,Chrome 126.0.0.0,1280x1024,1280x863,,,0,Debrief Form,2,E,Consent,eligible,,,,,info,,END,,,,,
1,1720168979739,05/07/2024 08:42:59,1720172579739,1,05/07/2024 10:42:59,172913,29,questionnaire-8mck,,38765363,BLIND,11375672,,complete,,,computer,Desktop or Laptop,Mac OS 10.15.7,Chrome 126.0.0.0,1440x900,945x545,,,0,Debrief Form,2,A,Consent,eligible,,,,,info,,BEGIN,,,,,
2,1720168992284,05/07/2024 08:43:12,1720172592284,1,05/07/2024 10:43:12,172913,29,questionnaire-8mck,,38765363,BLIND,11375672,,complete,,,computer,Desktop or Laptop,Mac OS 10.15.7,Chrome 126.0.0.0,1440x900,945x545,,,0,Debrief Form,2,A,Consent,eligible,,,,,info,,END,,,,,
1,1720169202896,05/07/2024 08:46:42,1720172802896,1,05/07/2024 10:46:42,172913,29,questionnaire-8mck,,38765537,BLIND,11375696,,complete,,,mobile,undefined K,Android 10,Chrome 126.0.0.0,412x915,412x786,,,0,Debrief Form,2,F,Consent,eligible,,,,,info,,BEGIN,,,,,
2,1720169211246,05/07/2024 08:46:51,1720172811246,1,05/07/2024 10:46:51,172913,29,questionnaire-8mck,,38765537,BLIND,11375696,,complete,,,mobile,undefined K,Android 10,Chrome 126.0.0.0,412x915,412x842,,,0,Debrief Form,2,F,Consent,eligible,,,,,info,,END,,,,,
1,1720169296659,05/07/2024 08:48:16,1720172896659,1,05/07/2024 10:48:16,172913,29,questionnaire-8mck,,38765582,BLIND,11375676,,complete,,,computer,Desktop or Laptop,Windows 10,Chrome 126.0.0.0,1440x900,1440x749,,,0,Debrief Form,2,C,Consent,eligible,,,,,info,,BEGIN,,,,,
2,1720169322348,05/07/2024 08:48:42,1720172922348,1,05/07/2024 10:48:42,172913,29,questionnaire-8mck,,38765582,BLIND,11375676,,complete,,,computer,Desktop or Laptop,Windows 10,Chrome 126.0.0.0,1440x900,1440x749,,,0,Debrief Form,2,C,Consent,eligible,,,,,info,,END,,,,,
1,1720169350437,05/07/2024 08:49:10,1720172950437,1,05/07/2024 10:49:10,172913,29,questionnaire-8mck,,38765612,BLIND,11375695,,complete,,,computer,Desktop or Laptop,Windows 10,Chrome 126.0.0.0,1920x1080,1920x911,,,0,Debrief Form,2,D,Consent,eligible,,,,,info,,BEGIN,,,,,
2,1720169354360,05/07/2024 08:49:14,1720172954360,1,05/07/2024 10:49:14,172913,29,questionnaire-8mck,,38765612,BLIND,11375695,,complete,,,computer,Desktop or Laptop,Windows 10,Chrome 126.0.0.0,1920x1080,1920x911,,,0,Debrief Form,2,D,Consent,eligible,,,,,info,,END,,,,,
1,1720169932353,05/07/2024 08:58:52,1720173532353,1,05/07/2024 10:58:52,172913,29,questionnaire-8mck,,38765839,BLIND,11375721,,complete,,,computer,Desktop or Laptop,Windows 10,Chrome 126.0.0.0,1280x720,1280x585,,,0,Debrief Form,2,B,Consent,eligible,,,,,info,,BEGIN,,,,,
2,1720169936176,05/07/2024 08:58:56,1720173536176,1,05/07/2024 10:58:56,172913,29,questionnaire-8mck,,38765839,BLIND,11375721,,complete,,,computer,Desktop or Laptop,Windows 10,Chrome 126.0.0.0,1280x720,1280x585,,,0,Debrief Form,2,B,Consent,eligible,,,,,info,,END,,,,,
1,1720170092037,05/07/2024 09:01:32,1720173692037,1,05/07/2024 11:01:32,172913,29,questionnaire-8mck,,38765890,BLIND,11375785,,complete,,,computer,Desktop or Laptop,Mac OS 10.15,Firefox 127.0,1584x990,1584x730,,,0,Debrief Form,2,C,Consent,eligible,,,,,info,,BEGIN,,,,,
2,1720170100360,05/07/2024 09:01:40,1720173700360,1,05/07/2024 11:01:40,172913,29,questionnaire-8mck,,38765890,BLIND,11375785,,complete,,,computer,Desktop or Laptop,Mac OS 10.15,Firefox 127.0,1584x990,1584x730,,,0,Debrief Form,2,C,Consent,eligible,,,,,info,,END,,,,,
1,1720170195474,05/07/2024 09:03:15,1720173795474,1,05/07/2024 11:03:15,172913,29,questionnaire-8mck,,38765922,BLIND,11375685,,complete,,,computer,Desktop or Laptop,Linux x86_64,Chrome 126.0.0.0,360x780,980x1737,,,0,Debrief Form,2,B,Consent,eligible,,,,,info,,BEGIN,,,,,
2,1720170207526,05/07/2024 09:03:27,1720173807526,1,05/07/2024 11:03:27,172913,29,questionnaire-8mck,,38765922,BLIND,11375685,,complete,,,computer,Desktop or Laptop,Linux x86_64,Chrome 126.0.0.0,360x780,980x1737,,,0,Debrief Form,2,B,Consent,eligible,,,,,info,,END,,,,,
1,1720170724536,05/07/2024 09:12:04,1720174324536,1,05/07/2024 11:12:04,172913,29,questionnaire-8mck,,38766063,BLIND,11375815,,complete,,,computer,Desktop or Laptop,Windows 10,Firefox 127.0,1920x1080,1920x937,,,0,Debrief Form,2,A,Consent,eligible,,,,,info,,BEGIN,,,,,
2,1720170740254,05/07/2024 09:12:20,1720174340254,1,05/07/2024 11:12:20,172913,29,questionnaire-8mck,,38766063,BLIND,11375815,,complete,,,computer,Desktop or Laptop,Windows 10,Firefox 127.0,1920x1080,1920x937,,,0,Debrief Form,2,A,Consent,eligible,,,,,info,,END,,,,,
1,1720170778289,05/07/2024 09:12:58,1720174378289,1,05/07/2024 11:12:58,172913,29,questionnaire-8mck,,38766078,BLIND,11375840,,complete,,,computer,Desktop or Laptop,Windows 10,Opera 109.0.0.0,1920x1080,1879x1008,,,0,Debrief Form,2,D,Consent,eligible,,,,,info,,BEGIN,,,,,
2,1720170781434,05/07/2024 09:13:01,1720174381434,1,05/07/2024 11:13:01,172913,29,questionnaire-8mck,,38766078,BLIND,11375840,,complete,,,computer,Desktop or Laptop,Windows 10,Opera 109.0.0.0,1920x1080,1879x1008,,,0,Debrief Form,2,D,Consent,eligible,,,,,info,,END,,,,,
1,1720170808209,05/07/2024 09:13:28,1720174408209,1,05/07/2024 11:13:28,172913,29,questionnaire-8mck,,38766086,BLIND,11375787,,complete,,,computer,Desktop or Laptop,Mac OS 10.15,Firefox 127.0,1728x1117,1728x994,,,0,Debrief Form,2,E,Consent,eligible,,,,,info,,BEGIN,,,,,
2,1720170827441,05/07/2024 09:13:47,1720174427441,1,05/07/2024 11:13:47,172913,29,questionnaire-8mck,,38766086,BLIND,11375787,,complete,,,computer,Desktop or Laptop,Mac OS 10.15,Firefox 127.0,1728x1117,1728x994,,,0,Debrief Form,2,E,Consent,eligible,,,,,info,,END,,,,,
1,1720171297082,05/07/2024 09:21:37,1720174897082,1,05/07/2024 11:21:37,172913,29,questionnaire-8mck,,38766205,BLIND,11375853,,complete,,,computer,Desktop or Laptop,Windows 10,Chrome 126.0.0.0,1536x864,1536x730,,,0,Debrief Form,2,F,Consent,eligible,,,,,info,,BEGIN,,,,,
2,1720171303923,05/07/2024 09:21:43,1720174903923,1,05/07/2024 11:21:43,172913,29,questionnaire-8mck,,38766205,BLIND,11375853,,complete,,,computer,Desktop or Laptop,Windows 10,Chrome 126.0.0.0,1536x864,1536x730,,,0,Debrief Form,2,F,Consent,eligible,,,,,info,,END,,,,,
1,1720171453624,05/07/2024 09:24:13,1720175053624,1,05/07/2024 11:24:13,172913,29,questionnaire-8mck,,38766283,BLIND,11375846,,complete,,,computer,Desktop or Laptop,Windows 10,Edge 126.0.0.0,1920x1080,1460x766,,,0,Debrief Form,2,C,Consent,eligible,,,,,info,,BEGIN,,,,,
2,1720171463583,05/07/2024 09:24:23,1720175063583,1,05/07/2024 11:24:23,172913,29,questionnaire-8mck,,38766283,BLIND,11375846,,complete,,,computer,Desktop or Laptop,Windows 10,Edge 126.0.0.0,1920x1080,1460x766,,,0,Debrief Form,2,C,Consent,eligible,,,,,info,,END,,,,,
1,1720171867848,05/07/2024 09:31:07,1720175467848,1,05/07/2024 11:31:07,172913,29,questionnaire-8mck,,38766405,BLIND,11375907,,complete,,,computer,Desktop or Laptop,Mac OS 10.15.7,Chrome 126.0.0.0,1440x900,1440x703,,,0,Debrief Form,2,A,Consent,eligible,,,,,info,,BEGIN,,,,,
2,1720171870369,05/07/2024 09:31:10,1720175470369,1,05/07/2024 11:31:10,172913,29,questionnaire-8mck,,38766405,BLIND,11375907,,complete,,,computer,Desktop or Laptop,Mac OS 10.15.7,Chrome 126.0.0.0,1440x900,1440x703,,,0,Debrief Form,2,A,Consent,eligible,,,,,info,,END,,,,,
1,1720172250851,05/07/2024 09:37:30,1720175850851,1,05/07/2024 11:37:30,172913,29,questionnaire-8mck,,38766515,BLIND,11375783,,complete,,,computer,Desktop or Laptop,Windows 10,Chrome 126.0.0.0,1280x720,1280x585,,,0,Debrief Form,2,F,Consent,eligible,,,,,info,,BEGIN,,,,,
2,1720172268473,05/07/2024 09:37:48,1720175868473,1,05/07/2024 11:37:48,172913,29,questionnaire-8mck,,38766515,BLIND,11375783,,complete,,,computer,Desktop or Laptop,Windows 10,Chrome 126.0.0.0,1280x720,1280x585,,,0,Debrief Form,2,F,Consent,eligible,,,,,info,,END,,,,,
1,1720172367792,05/07/2024 09:39:27,1720175967792,1,05/07/2024 11:39:27,172913,29,questionnaire-8mck,,38766556,BLIND,11375902,,complete,,,computer,Desktop or Laptop,Chromium OS 14541.0.0,Chrome 126.0.0.0,1181x664,1073x494,,,0,Debrief Form,2,E,Consent,eligible,,,,,info,,BEGIN,,,,,
2,1720172374626,05/07/2024 09:39:34,1720175974626,1,05/07/2024 11:39:34,172913,29,questionnaire-8mck,,38766556,BLIND,11375902,,complete,,,computer,Desktop or Laptop,Chromium OS 14541.0.0,Chrome 126.0.0.0,1181x664,1073x494,,,0,Debrief Form,2,E,Consent,eligible,,,,,info,,END,,,,,
1,1720172683324,05/07/2024 09:44:43,1720176283324,1,05/07/2024 11:44:43,172913,29,questionnaire-8mck,,38766662,BLIND,11375889,,complete,,,computer,Desktop or Laptop,Windows 10,Chrome 126.0.0.0,1366x768,1517x703,,,0,Debrief Form,2,B,Consent,eligible,,,,,info,,BEGIN,,,,,
2,1720172718052,05/07/2024 09:45:18,1720176318052,1,05/07/2024 11:45:18,172913,29,questionnaire-8mck,,38766662,BLIND,11375889,,complete,,,computer,Desktop or Laptop,Windows 10,Chrome 126.0.0.0,1366x768,1517x703,,,0,Debrief Form,2,B,Consent,eligible,,,,,info,,END,,,,,
1,1720173965886,05/07/2024 10:06:05,1720177565886,1,05/07/2024 12:06:05,172913,29,questionnaire-8mck,,38767120,BLIND,11375929,,complete,,,computer,Desktop or Laptop,Windows 10,Chrome 126.0.0.0,1536x864,1920x922,,,0,Debrief Form,2,D,Consent,eligible,,,,,info,,BEGIN,,,,,
2,1720173985992,05/07/2024 10:06:25,1720177585992,1,05/07/2024 12:06:25,172913,29,questionnaire-8mck,,38767120,BLIND,11375929,,complete,,,computer,Desktop or Laptop,Windows 10,Chrome 126.0.0.0,1536x864,1920x922,,,0,Debrief Form,2,D,Consent,eligible,,,,,info,,END,,,,,
1,1720174956045,05/07/2024 10:22:36,1720178556045,1,05/07/2024 12:22:36,172913,29,questionnaire-8mck,,38767504,BLIND,11375935,,complete,,,computer,Desktop or Laptop,Windows 10,Chrome 126.0.0.0,1280x720,1280x585,,,0,Debrief Form,2,E,Consent,eligible,,,,,info,,BEGIN,,,,,
2,1720174980080,05/07/2024 10:23:00,1720178580080,1,05/07/2024 12:23:00,172913,29,questionnaire-8mck,,38767504,BLIND,11375935,,complete,,,computer,Desktop or Laptop,Windows 10,Chrome 126.0.0.0,1280x720,1280x585,,,0,Debrief Form,2,E,Consent,eligible,,,,,info,,BEGIN,,,,,
3,1720175014132,05/07/2024 10:23:34,1720178614132,1,05/07/2024 12:23:34,172913,29,questionnaire-8mck,,38767504,BLIND,11375935,,complete,,,computer,Desktop or Laptop,Windows 10,Chrome 126.0.0.0,1280x720,1280x585,,,0,Debrief Form,2,E,Consent,eligible,,,,,info,,END,,,,,
1,1720173382895,05/07/2024 09:56:22,1720176982895,1,05/07/2024 11:56:22,172913,29,questionnaire-8mck,,38766857,BLIND,11375966,,complete,,,computer,Desktop or Laptop,Windows 10,Chrome 125.0.0.0,1280x800,1280x678,,,0,Debrief Form,2,B,Consent,eligible,,,,,info,,BEGIN,,,,,
2,1720173398032,05/07/2024 09:56:38,1720176998032,1,05/07/2024 11:56:38,172913,29,questionnaire-8mck,,38766857,BLIND,11375966,,complete,,,computer,Desktop or Laptop,Windows 10,Chrome 125.0.0.0,1280x800,1280x678,,,0,Debrief Form,2,B,Consent,eligible,,,,,info,,END,,,,,
1,1720173930693,05/07/2024 10:05:30,1720177530693,1,05/07/2024 12:05:30,172913,29,questionnaire-8mck,,38767098,BLIND,11376000,,complete,,,computer,Desktop or Laptop,Windows 10,Chrome 126.0.0.0,1536x864,1536x730,,,0,Debrief Form,2,D,Consent,eligible,,,,,info,,BEGIN,,,,,
2,1720173947171,05/07/2024 10:05:47,1720177547171,1,05/07/2024 12:05:47,172913,29,questionnaire-8mck,,38767098,BLIND,11376000,,complete,,,computer,Desktop or Laptop,Windows 10,Chrome 126.0.0.0,1536x864,1536x730,,,0,Debrief Form,2,D,Consent,eligible,,,,,info,,END,,,,,
1,1720174148490,05/07/2024 10:09:08,1720177748490,1,05/07/2024 12:09:08,172913,29,questionnaire-8mck,,38767187,BLIND,11376005,,complete,,,computer,Desktop or Laptop,Windows 10,Chrome 118.0.0.0,2926x1646,1011x962,,,0,Debrief Form,2,F,Consent,eligible,,,,,info,,BEGIN,,,,,
2,1720174151950,05/07/2024 10:09:11,1720177751950,1,05/07/2024 12:09:11,172913,29,questionnaire-8mck,,38767187,BLIND,11376005,,complete,,,computer,Desktop or Laptop,Windows 10,Chrome 118.0.0.0,2926x1646,1011x962,,,0,Debrief Form,2,F,Consent,eligible,,,,,info,,END,,,,,
1,1720174948834,05/07/2024 10:22:28,1720178548834,1,05/07/2024 12:22:28,172913,29,questionnaire-8mck,,38767525,BLIND,11376071,,complete,,,computer,Desktop or Laptop,Mac OS 13.0.1,Chrome 107.0.0.0,1440x900,1200x744,,,0,Debrief Form,2,C,Consent,eligible,,,,,info,,BEGIN,,,,,
2,1720174959531,05/07/2024 10:22:39,1720178559531,1,05/07/2024 12:22:39,172913,29,questionnaire-8mck,,38767525,BLIND,11376071,,complete,,,computer,Desktop or Laptop,Mac OS 13.0.1,Chrome 107.0.0.0,1440x900,1200x744,,,0,Debrief Form,2,C,Consent,eligible,,,,,info,,END,,,,,
1,1720175797826,05/07/2024 10:36:37,1720179397826,1,05/07/2024 12:36:37,172913,29,questionnaire-8mck,,38767810,BLIND,11376164,,complete,,,computer,Desktop or Laptop,Windows 10,Chrome 126.0.0.0,1536x864,1920x879,,,0,Debrief Form,2,C,Consent,eligible,,,,,info,,BEGIN,,,,,
2,1720175812246,05/07/2024 10:36:52,1720179412246,1,05/07/2024 12:36:52,172913,29,questionnaire-8mck,,38767810,BLIND,11376164,,complete,,,computer,Desktop or Laptop,Windows 10,Chrome 126.0.0.0,1536x864,1920x879,,,0,Debrief Form,2,C,Consent,eligible,,,,,info,,END,,,,,
1,1720175815957,05/07/2024 10:36:55,1720179415957,1,05/07/2024 12:36:55,172913,29,questionnaire-8mck,,38767817,BLIND,11376158,,complete,,,computer,Desktop or Laptop,Windows 10,Chrome 126.0.0.0,1536x864,1536x730,,,0,Debrief Form,2,D,Consent,eligible,,,,,info,,BEGIN,,,,,
2,1720175829513,05/07/2024 10:37:09,1720179429513,1,05/07/2024 12:37:09,172913,29,questionnaire-8mck,,38767817,BLIND,11376158,,complete,,,computer,Desktop or Laptop,Windows 10,Chrome 126.0.0.0,1536x864,1536x730,,,0,Debrief Form,2,D,Consent,eligible,,,,,info,,END,,,,,
1,1720176115586,05/07/2024 10:41:55,1720179715586,1,05/07/2024 12:41:55,172913,29,questionnaire-8mck,,38767922,BLIND,11376009,,complete,,,computer,Desktop or Laptop,Windows 10,Chrome 126.0.0.0,1280x720,1280x585,,,0,Debrief Form,2,A,Consent,eligible,,,,,info,,BEGIN,,,,,
2,1720176133348,05/07/2024 10:42:13,1720179733348,1,05/07/2024 12:42:13,172913,29,questionnaire-8mck,,38767922,BLIND,11376009,,complete,,,computer,Desktop or Laptop,Windows 10,Chrome 126.0.0.0,1280x720,1280x585,,,0,Debrief Form,2,A,Consent,eligible,,,,,info,,END,,,,,
1,1720176187476,05/07/2024 10:43:07,1720179787476,1,05/07/2024 12:43:07,172913,29,questionnaire-8mck,,38767965,BLIND,11376160,,complete,,,computer,Desktop or Laptop,Windows 10,Chrome 126.0.0.0,1366x768,1331x626,,,0,Debrief Form,2,E,Consent,eligible,,,,,info,,BEGIN,,,,,
2,1720176191830,05/07/2024 10:43:11,1720179791830,1,05/07/2024 12:43:11,172913,29,questionnaire-8mck,,38767965,BLIND,11376160,,complete,,,computer,Desktop or Laptop,Windows 10,Chrome 126.0.0.0,1366x768,1331x626,,,0,Debrief Form,2,E,Consent,eligible,,,,,info,,END,,,,,
1,1720176157142,05/07/2024 10:42:37,1720179757142,1,05/07/2024 12:42:37,172913,29,questionnaire-8mck,,38767968,BLIND,11376033,,complete,,,computer,Desktop or Laptop,Windows 10,Chrome 126.0.0.0,1536x864,1536x730,,,0,Debrief Form,2,C,Consent,eligible,,,,,info,,BEGIN,,,,,
2,1720176161082,05/07/2024 10:42:41,1720179761082,1,05/07/2024 12:42:41,172913,29,questionnaire-8mck,,38767968,BLIND,11376033,,complete,,,computer,Desktop or Laptop,Windows 10,Chrome 126.0.0.0,1536x864,1536x730,,,0,Debrief Form,2,C,Consent,eligible,,,,,info,,END,,,,,
1,1720176297696,05/07/2024 10:44:57,1720179897696,1,05/07/2024 12:44:57,172913,29,questionnaire-8mck,,38768062,BLIND,11376027,,complete,,,computer,Desktop or Laptop,Windows 10,Chrome 126.0.0.0,1920x1080,1920x945,,,0,Debrief Form,2,A,Consent,eligible,,,,,info,,BEGIN,,,,,
2,1720176299897,05/07/2024 10:44:59,1720179899897,1,05/07/2024 12:44:59,172913,29,questionnaire-8mck,,38768062,BLIND,11376027,,complete,,,computer,Desktop or Laptop,Windows 10,Chrome 126.0.0.0,1920x1080,1920x945,,,0,Debrief Form,2,A,Consent,eligible,,,,,info,,END,,,,,
1,1720176751203,05/07/2024 10:52:31,1720180351203,1,05/07/2024 12:52:31,172913,29,questionnaire-8mck,,38768394,BLIND,11376225,,complete,,,computer,Desktop or Laptop,Windows 10,Chrome 126.0.0.0,1280x720,1280x585,,,0,Debrief Form,2,B,Consent,eligible,,,,,info,,BEGIN,,,,,
2,1720176764972,05/07/2024 10:52:44,1720180364972,1,05/07/2024 12:52:44,172913,29,questionnaire-8mck,,38768394,BLIND,11376225,,complete,,,computer,Desktop or Laptop,Windows 10,Chrome 126.0.0.0,1280x720,1280x585,,,0,Debrief Form,2,B,Consent,eligible,,,,,info,,END,,,,,
1,1720177198554,05/07/2024 10:59:58,1720180798554,1,05/07/2024 12:59:58,172913,29,questionnaire-8mck,,38768647,BLIND,11376173,,complete,,,computer,Desktop or Laptop,Windows 10,Chrome 126.0.0.0,1280x720,1280x585,,,0,Debrief Form,2,D,Consent,eligible,,,,,info,,BEGIN,,,,,
2,1720177203961,05/07/2024 11:00:03,1720180803961,1,05/07/2024 13:00:03,172913,29,questionnaire-8mck,,38768647,BLIND,11376173,,complete,,,computer,Desktop or Laptop,Windows 10,Chrome 126.0.0.0,1280x720,1280x585,,,0,Debrief Form,2,D,Consent,eligible,,,,,info,,END,,,,,
1,1720177666087,05/07/2024 11:07:46,1720181266087,1,05/07/2024 13:07:46,172913,29,questionnaire-8mck,,38768918,BLIND,11376230,,complete,,,computer,Desktop or Laptop,Windows 10,Edge 126.0.0.0,1280x720,1369x664,,,0,Debrief Form,2,A,Consent,eligible,,,,,info,,BEGIN,,,,,
2,1720177669091,05/07/2024 11:07:49,1720181269091,1,05/07/2024 13:07:49,172913,29,questionnaire-8mck,,38768918,BLIND,11376230,,complete,,,computer,Desktop or Laptop,Windows 10,Edge 126.0.0.0,1280x720,1369x664,,,0,Debrief Form,2,A,Consent,eligible,,,,,info,,END,,,,,
1,1720177865998,05/07/2024 11:11:05,1720181465998,1,05/07/2024 13:11:05,172913,29,questionnaire-8mck,,38769047,BLIND,11376375,,complete,,,computer,Desktop or Laptop,Windows 10,Chrome 126.0.0.0,1920x1080,1920x919,,,0,Debrief Form,2,E,Consent,eligible,,,,,info,,BEGIN,,,,,
2,1720177873282,05/07/2024 11:11:13,1720181473282,1,05/07/2024 13:11:13,172913,29,questionnaire-8mck,,38769047,BLIND,11376375,,complete,,,computer,Desktop or Laptop,Windows 10,Chrome 126.0.0.0,1920x1080,1920x919,,,0,Debrief Form,2,E,Consent,eligible,,,,,info,,END,,,,,
1,1720178503235,05/07/2024 11:21:43,1720182103235,1,05/07/2024 13:21:43,172913,29,questionnaire-8mck,,38769300,BLIND,11376359,,complete,,,computer,Desktop or Laptop,Windows 10,Chrome 126.0.0.0,1536x864,1523x694,,,0,Debrief Form,2,F,Consent,eligible,,,,,info,,BEGIN,,,,,
2,1720178510649,05/07/2024 11:21:50,1720182110649,1,05/07/2024 13:21:50,172913,29,questionnaire-8mck,,38769300,BLIND,11376359,,complete,,,computer,Desktop or Laptop,Windows 10,Chrome 126.0.0.0,1536x864,1523x694,,,0,Debrief Form,2,F,Consent,eligible,,,,,info,,END,,,,,
1,1720179030209,05/07/2024 11:30:30,1720182630209,1,05/07/2024 13:30:30,172913,29,questionnaire-8mck,,38769470,BLIND,11376296,,complete,,,computer,Desktop or Laptop,Windows 10,Chrome 126.0.0.0,1366x768,1366x641,,,0,Debrief Form,2,E,Consent,eligible,,,,,info,,BEGIN,,,,,
2,1720179094773,05/07/2024 11:31:34,1720182694773,1,05/07/2024 13:31:34,172913,29,questionnaire-8mck,,38769470,BLIND,11376296,,complete,,,computer,Desktop or Laptop,Windows 10,Chrome 126.0.0.0,1366x768,1366x641,,,0,Debrief Form,2,E,Consent,eligible,,,,,info,,END,,,,,
1,1720179115696,05/07/2024 11:31:55,1720182715696,1,05/07/2024 13:31:55,172913,29,questionnaire-8mck,,38769499,BLIND,11376521,,complete,,,computer,Desktop or Laptop,Windows 10,Chrome 126.0.0.0,1920x1080,1920x945,,,0,Debrief Form,2,B,Consent,eligible,,,,,info,,BEGIN,,,,,
2,1720179124064,05/07/2024 11:32:04,1720182724064,1,05/07/2024 13:32:04,172913,29,questionnaire-8mck,,38769499,BLIND,11376521,,complete,,,computer,Desktop or Laptop,Windows 10,Chrome 126.0.0.0,1920x1080,1920x945,,,0,Debrief Form,2,B,Consent,eligible,,,,,info,,END,,,,,
1,1720179378787,05/07/2024 11:36:18,1720182978787,1,05/07/2024 13:36:18,172913,29,questionnaire-8mck,,38769564,BLIND,11376357,,complete,,,computer,Desktop or Laptop,Windows 10,Chrome 126.0.0.0,1280x720,1600x699,,,0,Debrief Form,2,A,Consent,eligible,,,,,info,,BEGIN,,,,,
2,1720179393547,05/07/2024 11:36:33,1720182993547,1,05/07/2024 13:36:33,172913,29,questionnaire-8mck,,38769564,BLIND,11376357,,complete,,,computer,Desktop or Laptop,Windows 10,Chrome 126.0.0.0,1280x720,1600x699,,,0,Debrief Form,2,A,Consent,eligible,,,,,info,,END,,,,,
1,1720179506456,05/07/2024 11:38:26,1720183106456,1,05/07/2024 13:38:26,172913,29,questionnaire-8mck,,38769615,BLIND,11376326,,complete,,,computer,Desktop or Laptop,Windows 10,Chrome 126.0.0.0,1366x768,911x411,,,0,Debrief Form,2,F,Consent,eligible,,,,,info,,BEGIN,,,,,
2,1720179570497,05/07/2024 11:39:30,1720183170497,1,05/07/2024 13:39:30,172913,29,questionnaire-8mck,,38769615,BLIND,11376326,,complete,,,computer,Desktop or Laptop,Windows 10,Chrome 126.0.0.0,1366x768,911x411,,,0,Debrief Form,2,F,Consent,eligible,,,,,info,,END,,,,,
1,1720179827029,05/07/2024 11:43:47,1720183427029,1,05/07/2024 13:43:47,172913,29,questionnaire-8mck,,38769714,BLIND,11376459,,complete,,,computer,Desktop or Laptop,Windows 10,Chrome 126.0.0.0,1280x720,1245x587,,,0,Debrief Form,2,C,Consent,eligible,,,,,info,,BEGIN,,,,,
2,1720179831564,05/07/2024 11:43:51,1720183431564,1,05/07/2024 13:43:51,172913,29,questionnaire-8mck,,38769714,BLIND,11376459,,complete,,,computer,Desktop or Laptop,Windows 10,Chrome 126.0.0.0,1280x720,1245x587,,,0,Debrief Form,2,C,Consent,eligible,,,,,info,,END,,,,,
1,1720180327444,05/07/2024 11:52:07,1720183927444,1,05/07/2024 13:52:07,172913,29,questionnaire-8mck,,38769880,BLIND,11376583,,complete,,,computer,Desktop or Laptop,Windows 10,Chrome 126.0.0.0,1920x1080,960x455,,,0,Debrief Form,2,A,Consent,eligible,,,,,info,,BEGIN,,,,,
2,1720180332330,05/07/2024 11:52:12,1720183932330,1,05/07/2024 13:52:12,172913,29,questionnaire-8mck,,38769880,BLIND,11376583,,complete,,,computer,Desktop or Laptop,Windows 10,Chrome 126.0.0.0,1920x1080,960x455,,,0,Debrief Form,2,A,Consent,eligible,,,,,info,,END,,,,,
1,1720180612442,05/07/2024 11:56:52,1720184212442,1,05/07/2024 13:56:52,172913,29,questionnaire-8mck,,38769971,BLIND,11376370,,complete,,,computer,Desktop or Laptop,Windows 10,Chrome 126.0.0.0,1284x605,1280x599,,,0,Debrief Form,2,D,Consent,eligible,,,,,info,,BEGIN,,,,,
2,1720180619826,05/07/2024 11:56:59,1720184219826,1,05/07/2024 13:56:59,172913,29,questionnaire-8mck,,38769971,BLIND,11376370,,complete,,,computer,Desktop or Laptop,Windows 10,Chrome 126.0.0.0,1284x605,1280x599,,,0,Debrief Form,2,D,Consent,eligible,,,,,info,,END,,,,,
1,1720181257739,05/07/2024 12:07:37,1720156057739,-7,04/07/2024 22:07:37,172913,29,questionnaire-8mck,,38770228,BLIND,11376563,,complete,,,computer,Desktop or Laptop,Windows 10,Chrome 126.0.0.0,1366x768,1366x641,,,0,Debrief Form,2,F,Consent,eligible,,,,,info,,BEGIN,,,,,
2,1720181263771,05/07/2024 12:07:43,1720156063771,-7,04/07/2024 22:07:43,172913,29,questionnaire-8mck,,38770228,BLIND,11376563,,complete,,,computer,Desktop or Laptop,Windows 10,Chrome 126.0.0.0,1366x768,1366x641,,,0,Debrief Form,2,F,Consent,eligible,,,,,info,,END,,,,,
1,1720181494436,05/07/2024 12:11:34,1720185094436,1,05/07/2024 14:11:34,172913,29,questionnaire-8mck,,38770320,BLIND,11376681,,complete,,,computer,Desktop or Laptop,Windows 10,Chrome 126.0.0.0,1536x864,1536x730,,,0,Debrief Form,2,F,Consent,eligible,,,,,info,,BEGIN,,,,,
2,1720181497245,05/07/2024 12:11:37,1720185097245,1,05/07/2024 14:11:37,172913,29,questionnaire-8mck,,38770320,BLIND,11376681,,complete,,,computer,Desktop or Laptop,Windows 10,Chrome 126.0.0.0,1536x864,1536x730,,,0,Debrief Form,2,F,Consent,eligible,,,,,info,,END,,,,,
1,1720181805039,05/07/2024 12:16:45,1720185405039,1,05/07/2024 14:16:45,172913,29,questionnaire-8mck,,38770446,BLIND,11376488,,complete,,,computer,Desktop or Laptop,Windows 10,Chrome 126.0.0.0,1280x720,1280x585,,,0,Debrief Form,2,D,Consent,eligible,,,,,info,,BEGIN,,,,,
2,1720181824098,05/07/2024 12:17:04,1720185424098,1,05/07/2024 14:17:04,172913,29,questionnaire-8mck,,38770446,BLIND,11376488,,complete,,,computer,Desktop or Laptop,Windows 10,Chrome 126.0.0.0,1280x720,1280x585,,,0,Debrief Form,2,D,Consent,eligible,,,,,info,,END,,,,,
1,1720182110897,05/07/2024 12:21:50,1720185710897,1,05/07/2024 14:21:50,172913,29,questionnaire-8mck,,38770560,BLIND,11376629,,complete,,,computer,Desktop or Laptop,Mac OS 10.15.7,Chrome 126.0.0.0,1440x900,1440x813,,,0,Debrief Form,2,C,Consent,eligible,,,,,info,,BEGIN,,,,,
2,1720182121308,05/07/2024 12:22:01,1720185721308,1,05/07/2024 14:22:01,172913,29,questionnaire-8mck,,38770560,BLIND,11376629,,complete,,,computer,Desktop or Laptop,Mac OS 10.15.7,Chrome 126.0.0.0,1440x900,1440x813,,,0,Debrief Form,2,C,Consent,eligible,,,,,info,,END,,,,,
1,1720182384910,05/07/2024 12:26:24,1720185984910,1,05/07/2024 14:26:24,172913,29,questionnaire-8mck,,38770654,BLIND,11376666,,complete,,,computer,Desktop or Laptop,Windows 10,Chrome 126.0.0.0,1366x768,1331x644,,,0,Debrief Form,2,E,Consent,eligible,,,,,info,,BEGIN,,,,,
2,1720182392175,05/07/2024 12:26:32,1720185992175,1,05/07/2024 14:26:32,172913,29,questionnaire-8mck,,38770654,BLIND,11376666,,complete,,,computer,Desktop or Laptop,Windows 10,Chrome 126.0.0.0,1366x768,1331x644,,,0,Debrief Form,2,E,Consent,eligible,,,,,info,,END,,,,,
1,1720182564877,05/07/2024 12:29:24,1720186164877,1,05/07/2024 14:29:24,172913,29,questionnaire-8mck,,38770730,BLIND,11376715,,complete,,,computer,Desktop or Laptop,Mac OS 10.15.7,Chrome 126.0.0.0,1920x1200,1920x1088,,,0,Debrief Form,2,D,Consent,eligible,,,,,info,,BEGIN,,,,,
2,1720182570428,05/07/2024 12:29:30,1720186170428,1,05/07/2024 14:29:30,172913,29,questionnaire-8mck,,38770730,BLIND,11376715,,complete,,,computer,Desktop or Laptop,Mac OS 10.15.7,Chrome 126.0.0.0,1920x1200,1920x1088,,,0,Debrief Form,2,D,Consent,eligible,,,,,info,,END,,,,,
1,1720182652410,05/07/2024 12:30:52,1720186252410,1,05/07/2024 14:30:52,172913,29,questionnaire-8mck,,38770758,BLIND,11376667,,complete,,,computer,Desktop or Laptop,Windows 10,Chrome 126.0.0.0,1920x1080,1885x946,,,0,Debrief Form,2,B,Consent,eligible,,,,,info,,BEGIN,,,,,
2,1720182663478,05/07/2024 12:31:03,1720186263478,1,05/07/2024 14:31:03,172913,29,questionnaire-8mck,,38770758,BLIND,11376667,,complete,,,computer,Desktop or Laptop,Windows 10,Chrome 126.0.0.0,1920x1080,1885x946,,,0,Debrief Form,2,B,Consent,eligible,,,,,info,,END,,,,,
1,1720182694644,05/07/2024 12:31:34,1720186294644,1,05/07/2024 14:31:34,172913,29,questionnaire-8mck,,38770779,BLIND,11376635,,complete,,,computer,Desktop or Laptop,Windows 10,Chrome 126.0.0.0,1280x720,1920x827,,,0,Debrief Form,2,B,Consent,eligible,,,,,info,,BEGIN,,,,,
2,1720182698742,05/07/2024 12:31:38,1720186298742,1,05/07/2024 14:31:38,172913,29,questionnaire-8mck,,38770779,BLIND,11376635,,complete,,,computer,Desktop or Laptop,Windows 10,Chrome 126.0.0.0,1280x720,1920x827,,,0,Debrief Form,2,B,Consent,eligible,,,,,info,,END,,,,,
1,1720183493624,05/07/2024 12:44:53,1720187093624,1,05/07/2024 14:44:53,172913,29,questionnaire-8mck,,38771123,BLIND,11376760,,complete,,,computer,Desktop or Laptop,Windows 10,Chrome 126.0.0.0,1366x768,1242x575,,,0,Debrief Form,2,C,Consent,eligible,,,,,info,,BEGIN,,,,,
2,1720183521596,05/07/2024 12:45:21,1720187121596,1,05/07/2024 14:45:21,172913,29,questionnaire-8mck,,38771123,BLIND,11376760,,complete,,,computer,Desktop or Laptop,Windows 10,Chrome 126.0.0.0,1366x768,1242x575,,,0,Debrief Form,2,C,Consent,eligible,,,,,info,,END,,,,,
1,1720183840757,05/07/2024 12:50:40,1720187440757,1,05/07/2024 14:50:40,172913,29,questionnaire-8mck,,38771214,BLIND,11376853,,complete,,,computer,Desktop or Laptop,Mac OS 10.15.7,Chrome 126.0.0.0,1440x900,1440x813,,,0,Debrief Form,2,D,Consent,eligible,,,,,info,,BEGIN,,,,,
2,1720183862012,05/07/2024 12:51:02,1720187462012,1,05/07/2024 14:51:02,172913,29,questionnaire-8mck,,38771214,BLIND,11376853,,complete,,,computer,Desktop or Laptop,Mac OS 10.15.7,Chrome 126.0.0.0,1440x900,1440x813,,,0,Debrief Form,2,D,Consent,eligible,,,,,info,,END,,,,,
1,1720184118293,05/07/2024 12:55:18,1720187718293,1,05/07/2024 14:55:18,172913,29,questionnaire-8mck,,38771308,BLIND,11376647,,complete,,,computer,Desktop or Laptop,Windows 10,Chrome 126.0.0.0,1280x720,1600x689,,,0,Debrief Form,2,A,Consent,eligible,,,,,info,,BEGIN,,,,,
2,1720184122903,05/07/2024 12:55:22,1720187722903,1,05/07/2024 14:55:22,172913,29,questionnaire-8mck,,38771308,BLIND,11376647,,complete,,,computer,Desktop or Laptop,Windows 10,Chrome 126.0.0.0,1280x720,1600x689,,,0,Debrief Form,2,A,Consent,eligible,,,,,info,,END,,,,,
1,1720184291453,05/07/2024 12:58:11,1720187891453,1,05/07/2024 14:58:11,172913,29,questionnaire-8mck,,38771379,BLIND,11376877,,complete,,,computer,Desktop or Laptop,Windows 10,Chrome 126.0.0.0,1366x768,1366x607,,,0,Debrief Form,2,F,Consent,eligible,,,,,info,,BEGIN,,,,,
2,1720184332202,05/07/2024 12:58:52,1720187932202,1,05/07/2024 14:58:52,172913,29,questionnaire-8mck,,38771379,BLIND,11376877,,complete,,,computer,Desktop or Laptop,Windows 10,Chrome 126.0.0.0,1366x768,1366x607,,,0,Debrief Form,2,F,Consent,eligible,,,,,info,,END,,,,,
1,1720184298615,05/07/2024 12:58:18,1720187898615,1,05/07/2024 14:58:18,172913,29,questionnaire-8mck,,38771383,BLIND,11376894,,complete,,,computer,Desktop or Laptop,Windows 10,Firefox 127.0,1920x1080,1920x899,,,0,Debrief Form,2,C,Consent,eligible,,,,,info,,BEGIN,,,,,
2,1720184303603,05/07/2024 12:58:23,1720187903603,1,05/07/2024 14:58:23,172913,29,questionnaire-8mck,,38771383,BLIND,11376894,,complete,,,computer,Desktop or Laptop,Windows 10,Firefox 127.0,1920x1080,1920x899,,,0,Debrief Form,2,C,Consent,eligible,,,,,info,,END,,,,,
1,1720184331367,05/07/2024 12:58:51,1720187931367,1,05/07/2024 14:58:51,172913,29,questionnaire-8mck,,38771397,BLIND,11376914,,complete,,,computer,Desktop or Laptop,Windows 10,Firefox 127.0,1920x1080,1920x993,,,0,Debrief Form,2,B,Consent,eligible,,,,,info,,BEGIN,,,,,
2,1720184356430,05/07/2024 12:59:16,1720187956430,1,05/07/2024 14:59:16,172913,29,questionnaire-8mck,,38771397,BLIND,11376914,,complete,,,computer,Desktop or Laptop,Windows 10,Firefox 127.0,1920x1080,1920x993,,,0,Debrief Form,2,B,Consent,eligible,,,,,info,,END,,,,,
1,1720184864130,05/07/2024 13:07:44,1720188464130,1,05/07/2024 15:07:44,172913,29,questionnaire-8mck,,38771614,BLIND,11376903,,complete,,,computer,Desktop or Laptop,Windows 10,Chrome 126.0.0.0,1366x768,1366x645,,,0,Debrief Form,2,E,Consent,eligible,,,,,info,,BEGIN,,,,,
2,1720184907870,05/07/2024 13:08:27,1720188507870,1,05/07/2024 15:08:27,172913,29,questionnaire-8mck,,38771614,BLIND,11376903,,complete,,,computer,Desktop or Laptop,Windows 10,Chrome 126.0.0.0,1366x768,1366x645,,,0,Debrief Form,2,E,Consent,eligible,,,,,info,,END,,,,,
1,1720185213740,05/07/2024 13:13:33,1720188813740,1,05/07/2024 15:13:33,172913,29,questionnaire-8mck,,38771780,BLIND,11376807,,complete,,,computer,Desktop or Laptop,Windows 10,Chrome 126.0.0.0,1366x768,1366x607,,,0,Debrief Form,2,E,Consent,eligible,,,,,info,,BEGIN,,,,,
2,1720185220991,05/07/2024 13:13:40,1720188820991,1,05/07/2024 15:13:40,172913,29,questionnaire-8mck,,38771780,BLIND,11376807,,complete,,,computer,Desktop or Laptop,Windows 10,Chrome 126.0.0.0,1366x768,1366x607,,,0,Debrief Form,2,E,Consent,eligible,,,,,info,,END,,,,,
1,1720186113107,05/07/2024 13:28:33,1720189713107,1,05/07/2024 15:28:33,172913,29,questionnaire-8mck,,38772175,BLIND,11376994,,complete,,,mobile,undefined M2101K6G,Android 12,Yandex 23.9.7.83.00,393x873,393x715,,,0,Debrief Form,2,A,Consent,eligible,,,,,info,,BEGIN,,,,,
2,1720186127703,05/07/2024 13:28:47,1720189727703,1,05/07/2024 15:28:47,172913,29,questionnaire-8mck,,38772175,BLIND,11376994,,complete,,,mobile,undefined M2101K6G,Android 12,Yandex 23.9.7.83.00,393x873,393x715,,,0,Debrief Form,2,A,Consent,eligible,,,,,info,,END,,,,,
1,1720186617922,05/07/2024 13:36:57,1720190217922,1,05/07/2024 15:36:57,172913,29,questionnaire-8mck,,38772372,BLIND,11376830,,complete,,,computer,Desktop or Laptop,Windows 10,Chrome 126.0.0.0,1366x768,1821x854,,,0,Debrief Form,2,A,Consent,eligible,,,,,info,,BEGIN,,,,,
2,1720186625110,05/07/2024 13:37:05,1720190225110,1,05/07/2024 15:37:05,172913,29,questionnaire-8mck,,38772372,BLIND,11376830,,complete,,,computer,Desktop or Laptop,Windows 10,Chrome 126.0.0.0,1366x768,1821x854,,,0,Debrief Form,2,A,Consent,eligible,,,,,info,,END,,,,,
1,1720186816235,05/07/2024 13:40:16,1720190416235,1,05/07/2024 15:40:16,172913,29,questionnaire-8mck,,38772475,BLIND,11377065,,complete,,,computer,Desktop or Laptop,Windows 10,Chrome 126.0.0.0,1360x768,1360x641,,,0,Debrief Form,2,B,Consent,eligible,,,,,info,,BEGIN,,,,,
2,1720186831138,05/07/2024 13:40:31,1720190431138,1,05/07/2024 15:40:31,172913,29,questionnaire-8mck,,38772475,BLIND,11377065,,complete,,,computer,Desktop or Laptop,Windows 10,Chrome 126.0.0.0,1360x768,1360x641,,,0,Debrief Form,2,B,Consent,eligible,,,,,info,,END,,,,,
1,1720187024036,05/07/2024 13:43:44,1720190624036,1,05/07/2024 15:43:44,172913,29,questionnaire-8mck,,38772573,BLIND,11377058,,complete,,,computer,Desktop or Laptop,Windows 10,Firefox 127.0,1600x900,596x722,,,0,Debrief Form,2,D,Consent,eligible,,,,,info,,BEGIN,,,,,
2,1720187041069,05/07/2024 13:44:01,1720190641069,1,05/07/2024 15:44:01,172913,29,questionnaire-8mck,,38772573,BLIND,11377058,,complete,,,computer,Desktop or Laptop,Windows 10,Firefox 127.0,1600x900,617x722,,,0,Debrief Form,2,D,Consent,eligible,,,,,info,,END,,,,,
1,1720187108696,05/07/2024 13:45:08,1720190708696,1,05/07/2024 15:45:08,172913,29,questionnaire-8mck,,38772610,BLIND,11377038,,complete,,,computer,Desktop or Laptop,Windows 10,Chrome 126.0.0.0,1280x720,957x876,,,0,Debrief Form,2,C,Consent,eligible,,,,,info,,BEGIN,,,,,
2,1720187115069,05/07/2024 13:45:15,1720190715069,1,05/07/2024 15:45:15,172913,29,questionnaire-8mck,,38772610,BLIND,11377038,,complete,,,computer,Desktop or Laptop,Windows 10,Chrome 126.0.0.0,1280x720,957x876,,,0,Debrief Form,2,C,Consent,eligible,,,,,info,,END,,,,,
1,1720187575168,05/07/2024 13:52:55,1720191175168,1,05/07/2024 15:52:55,172913,29,questionnaire-8mck,,38772828,BLIND,11377146,,complete,,,computer,Desktop or Laptop,Windows 10,Chrome 126.0.0.0,1280x720,1245x587,,,0,Debrief Form,2,C,Consent,eligible,,,,,info,,BEGIN,,,,,
2,1720187581161,05/07/2024 13:53:01,1720191181161,1,05/07/2024 15:53:01,172913,29,questionnaire-8mck,,38772828,BLIND,11377146,,complete,,,computer,Desktop or Laptop,Windows 10,Chrome 126.0.0.0,1280x720,1245x587,,,0,Debrief Form,2,C,Consent,eligible,,,,,info,,END,,,,,
1,1720188351625,05/07/2024 14:05:51,1720191951625,1,05/07/2024 16:05:51,172913,29,questionnaire-8mck,,38773158,BLIND,11377060,,complete,,,computer,Desktop or Laptop,Windows 10,Chrome 126.0.0.0,1536x1024,1536x889,,,0,Debrief Form,2,F,Consent,eligible,,,,,info,,BEGIN,,,,,
2,1720188358263,05/07/2024 14:05:58,1720191958263,1,05/07/2024 16:05:58,172913,29,questionnaire-8mck,,38773158,BLIND,11377060,,complete,,,computer,Desktop or Laptop,Windows 10,Chrome 126.0.0.0,1536x1024,1536x889,,,0,Debrief Form,2,F,Consent,eligible,,,,,info,,END,,,,,
1,1720188578066,05/07/2024 14:09:38,1720192178066,1,05/07/2024 16:09:38,172913,29,questionnaire-8mck,,38773229,BLIND,11376932,,complete,,,computer,Desktop or Laptop,Windows 10,Chrome 126.0.0.0,1600x900,1600x773,,,0,Debrief Form,2,E,Consent,eligible,,,,,info,,BEGIN,,,,,
2,1720188586724,05/07/2024 14:09:46,1720192186724,1,05/07/2024 16:09:46,172913,29,questionnaire-8mck,,38773229,BLIND,11376932,,complete,,,computer,Desktop or Laptop,Windows 10,Chrome 126.0.0.0,1600x900,1600x773,,,0,Debrief Form,2,E,Consent,eligible,,,,,info,,BEGIN,,,,,
3,1720188591447,05/07/2024 14:09:51,1720192191447,1,05/07/2024 16:09:51,172913,29,questionnaire-8mck,,38773229,BLIND,11376932,,complete,,,computer,Desktop or Laptop,Windows 10,Chrome 126.0.0.0,1600x900,1600x773,,,0,Debrief Form,2,E,Consent,eligible,,,,,info,,END,,,,,
1,1720188933030,05/07/2024 14:15:33,1720192533030,1,05/07/2024 16:15:33,172913,29,questionnaire-8mck,,38773401,BLIND,11377190,,complete,,,computer,Desktop or Laptop,Windows 10,Chrome 126.0.0.0,1600x900,2000x966,,,0,Debrief Form,2,E,Consent,eligible,,,,,info,,BEGIN,,,,,
2,1720188938763,05/07/2024 14:15:38,1720192538763,1,05/07/2024 16:15:38,172913,29,questionnaire-8mck,,38773401,BLIND,11377190,,complete,,,computer,Desktop or Laptop,Windows 10,Chrome 126.0.0.0,1600x900,2000x966,,,0,Debrief Form,2,E,Consent,eligible,,,,,info,,END,,,,,
1,1720188185672,05/07/2024 14:03:05,1720191785672,1,05/07/2024 16:03:05,172913,29,questionnaire-8mck,,38773097,BLIND,11377297,,complete,,,computer,Desktop or Laptop,Windows 10,AVG Secure Browser 126.0.0.0,3440x1440,3440x1279,,,0,Debrief Form,2,F,Consent,eligible,,,,,info,,BEGIN,,,,,
2,1720188188523,05/07/2024 14:03:08,1720191788523,1,05/07/2024 16:03:08,172913,29,questionnaire-8mck,,38773097,BLIND,11377297,,complete,,,computer,Desktop or Laptop,Windows 10,AVG Secure Browser 126.0.0.0,3440x1440,3440x1279,,,0,Debrief Form,2,F,Consent,eligible,,,,,info,,END,,,,,
1,1720188403862,05/07/2024 14:06:43,1720192003862,1,05/07/2024 16:06:43,172913,29,questionnaire-8mck,,38773173,BLIND,11377283,,complete,,,computer,Desktop or Laptop,Windows 10,Chrome 126.0.0.0,1280x720,1280x559,,,0,Debrief Form,2,A,Consent,eligible,,,,,info,,BEGIN,,,,,
2,1720188433938,05/07/2024 14:07:13,1720192033938,1,05/07/2024 16:07:13,172913,29,questionnaire-8mck,,38773173,BLIND,11377283,,complete,,,computer,Desktop or Laptop,Windows 10,Chrome 126.0.0.0,1280x720,1280x559,,,0,Debrief Form,2,A,Consent,eligible,,,,,info,,END,,,,,
1,1720188739159,05/07/2024 14:12:19,1720192339159,1,05/07/2024 16:12:19,172913,29,questionnaire-8mck,,38773316,BLIND,11377326,,complete,,,computer,Desktop or Laptop,Windows 10,Chrome 126.0.0.0,1920x1080,1920x945,,,0,Debrief Form,2,A,Consent,eligible,,,,,info,,BEGIN,,,,,
2,1720188749382,05/07/2024 14:12:29,1720192349382,1,05/07/2024 16:12:29,172913,29,questionnaire-8mck,,38773316,BLIND,11377326,,complete,,,computer,Desktop or Laptop,Windows 10,Chrome 126.0.0.0,1920x1080,1920x945,,,0,Debrief Form,2,A,Consent,eligible,,,,,info,,END,,,,,
1,1720189392728,05/07/2024 14:23:12,1720192992728,1,05/07/2024 16:23:12,172913,29,questionnaire-8mck,,38773573,BLIND,11377380,,complete,,,computer,Desktop or Laptop,Mac OS 10.15.7,Chrome 125.0.0.0,1440x900,1440x702,,,0,Debrief Form,2,B,Consent,eligible,,,,,info,,BEGIN,,,,,
2,1720189429256,05/07/2024 14:23:49,1720193029256,1,05/07/2024 16:23:49,172913,29,questionnaire-8mck,,38773573,BLIND,11377380,,complete,,,computer,Desktop or Laptop,Mac OS 10.15.7,Chrome 125.0.0.0,1440x900,1440x702,,,0,Debrief Form,2,B,Consent,eligible,,,,,info,,END,,,,,
1,1720189474220,05/07/2024 14:24:34,1720193074220,1,05/07/2024 16:24:34,172913,29,questionnaire-8mck,,38773597,BLIND,11377249,,complete,,,mobile,Samsung SM-A225F,Android 13,Yandex 23.9.2.34.00,385x854,384x667,,,0,Debrief Form,2,D,Consent,eligible,,,,,info,,BEGIN,,,,,
2,1720189487619,05/07/2024 14:24:47,1720193087619,1,05/07/2024 16:24:47,172913,29,questionnaire-8mck,,38773597,BLIND,11377249,,complete,,,mobile,Samsung SM-A225F,Android 13,Yandex 23.9.2.34.00,385x854,384x667,,,0,Debrief Form,2,D,Consent,eligible,,,,,info,,END,,,,,
1,1720190010766,05/07/2024 14:33:30,1720193610766,1,05/07/2024 16:33:30,172913,29,questionnaire-8mck,,38773826,BLIND,11377344,,complete,,,computer,Desktop or Laptop,Windows 10,Chrome 126.0.0.0,1600x900,625x1001,,,0,Debrief Form,2,C,Consent,eligible,,,,,info,,BEGIN,,,,,
2,1720190029496,05/07/2024 14:33:49,1720193629496,1,05/07/2024 16:33:49,172913,29,questionnaire-8mck,,38773826,BLIND,11377344,,complete,,,computer,Desktop or Laptop,Windows 10,Chrome 126.0.0.0,1600x900,625x1001,,,0,Debrief Form,2,C,Consent,eligible,,,,,info,,END,,,,,
1,1720190234975,05/07/2024 14:37:14,1720193834975,1,05/07/2024 16:37:14,172913,29,questionnaire-8mck,,38773913,BLIND,11377307,,complete,,,computer,Desktop or Laptop,Linux x86_64,Chrome 121.0.0.0,1920x1080,1920x927,,,0,Debrief Form,2,B,Consent,eligible,,,,,info,,BEGIN,,,,,
2,1720190239985,05/07/2024 14:37:19,1720193839985,1,05/07/2024 16:37:19,172913,29,questionnaire-8mck,,38773913,BLIND,11377307,,complete,,,computer,Desktop or Laptop,Linux x86_64,Chrome 121.0.0.0,1920x1080,1920x927,,,0,Debrief Form,2,B,Consent,eligible,,,,,info,,END,,,,,
1,1720190413956,05/07/2024 14:40:13,1720194013956,1,05/07/2024 16:40:13,172913,29,questionnaire-8mck,,38773978,BLIND,11377470,,complete,,,computer,Desktop or Laptop,Mac OS 10.15.7,Edge 126.0.0.0,1470x956,1462x804,,,0,Debrief Form,2,E,Consent,eligible,,,,,info,,BEGIN,,,,,
2,1720190422235,05/07/2024 14:40:22,1720194022235,1,05/07/2024 16:40:22,172913,29,questionnaire-8mck,,38773978,BLIND,11377470,,complete,,,computer,Desktop or Laptop,Mac OS 10.15.7,Edge 126.0.0.0,1470x956,1462x804,,,0,Debrief Form,2,E,Consent,eligible,,,,,info,,END,,,,,
1,1720190648940,05/07/2024 14:44:08,1720194248940,1,05/07/2024 16:44:08,172913,29,questionnaire-8mck,,38774059,BLIND,11377487,,complete,,,computer,Desktop or Laptop,Windows 10,Chrome 126.0.0.0,1366x768,1093x513,,,0,Debrief Form,2,C,Consent,eligible,,,,,info,,BEGIN,,,,,
2,1720190656927,05/07/2024 14:44:16,1720194256927,1,05/07/2024 16:44:16,172913,29,questionnaire-8mck,,38774059,BLIND,11377487,,complete,,,computer,Desktop or Laptop,Windows 10,Chrome 126.0.0.0,1366x768,1093x513,,,0,Debrief Form,2,C,Consent,eligible,,,,,info,,END,,,,,
1,1720190877567,05/07/2024 14:47:57,1720198077567,2,05/07/2024 18:47:57,172913,29,questionnaire-8mck,,38774152,BLIND,11377442,,complete,,,computer,Desktop or Laptop,Windows 10,Chrome 126.0.0.0,1920x1080,1920x911,,,0,Debrief Form,2,D,Consent,eligible,,,,,info,,BEGIN,,,,,
2,1720190889324,05/07/2024 14:48:09,1720198089324,2,05/07/2024 18:48:09,172913,29,questionnaire-8mck,,38774152,BLIND,11377442,,complete,,,computer,Desktop or Laptop,Windows 10,Chrome 126.0.0.0,1920x1080,1920x911,,,0,Debrief Form,2,D,Consent,eligible,,,,,info,,END,,,,,
1,1720191043944,05/07/2024 14:50:43,1720194643944,1,05/07/2024 16:50:43,172913,29,questionnaire-8mck,,38774216,BLIND,11377565,,complete,,,computer,Desktop or Laptop,Windows 10,Edge 126.0.0.0,1920x1080,1912x1004,,,0,Debrief Form,2,B,Consent,eligible,,,,,info,,BEGIN,,,,,
2,1720191050699,05/07/2024 14:50:50,1720194650699,1,05/07/2024 16:50:50,172913,29,questionnaire-8mck,,38774216,BLIND,11377565,,complete,,,computer,Desktop or Laptop,Windows 10,Edge 126.0.0.0,1920x1080,1912x1004,,,0,Debrief Form,2,B,Consent,eligible,,,,,info,,END,,,,,
1,1720191214343,05/07/2024 14:53:34,1720194814343,1,05/07/2024 16:53:34,172913,29,questionnaire-8mck,,38774273,BLIND,11377451,,complete,,,mobile,undefined 2201116TG,Android 13,Yandex 24.6.1.1.00,393x873,393x684,,,0,Debrief Form,2,E,Consent,eligible,,,,,info,,BEGIN,,,,,
2,1720191230917,05/07/2024 14:53:50,1720194830917,1,05/07/2024 16:53:50,172913,29,questionnaire-8mck,,38774273,BLIND,11377451,,complete,,,mobile,undefined 2201116TG,Android 13,Yandex 24.6.1.1.00,393x873,393x684,,,0,Debrief Form,2,E,Consent,eligible,,,,,info,,END,,,,,
1,1720191882519,05/07/2024 15:04:42,1720195482519,1,05/07/2024 17:04:42,172913,29,questionnaire-8mck,,38774589,BLIND,11377455,,complete,,,computer,Desktop or Laptop,Mac OS 10.15.7,Chrome 126.0.0.0,1470x956,602x581,,,0,Debrief Form,2,F,Consent,eligible,,,,,info,,BEGIN,,,,,
2,1720191893470,05/07/2024 15:04:53,1720195493470,1,05/07/2024 17:04:53,172913,29,questionnaire-8mck,,38774589,BLIND,11377455,,complete,,,computer,Desktop or Laptop,Mac OS 10.15.7,Chrome 126.0.0.0,1470x956,602x581,,,0,Debrief Form,2,F,Consent,eligible,,,,,info,,END,,,,,
1,1720191925061,05/07/2024 15:05:25,1720195525061,1,05/07/2024 17:05:25,172913,29,questionnaire-8mck,,38774601,BLIND,11377511,,complete,,,computer,Desktop or Laptop,Mac OS 10.15.7,Chrome 126.0.0.0,1470x956,531x366,,,0,Debrief Form,2,F,Consent,eligible,,,,,info,,BEGIN,,,,,
2,1720191929739,05/07/2024 15:05:29,1720195529739,1,05/07/2024 17:05:29,172913,29,questionnaire-8mck,,38774601,BLIND,11377511,,complete,,,computer,Desktop or Laptop,Mac OS 10.15.7,Chrome 126.0.0.0,1470x956,531x366,,,0,Debrief Form,2,F,Consent,eligible,,,,,info,,END,,,,,
1,1720191964283,05/07/2024 15:06:04,1720195564283,1,05/07/2024 17:06:04,172913,29,questionnaire-8mck,,38774623,BLIND,11377647,,complete,,,computer,Desktop or Laptop,Windows 10,Chrome 126.0.0.0,1366x768,1366x633,,,0,Debrief Form,2,D,Consent,eligible,,,,,info,,BEGIN,,,,,
2,1720191973111,05/07/2024 15:06:13,1720195573111,1,05/07/2024 17:06:13,172913,29,questionnaire-8mck,,38774623,BLIND,11377647,,complete,,,computer,Desktop or Laptop,Windows 10,Chrome 126.0.0.0,1366x768,1366x633,,,0,Debrief Form,2,D,Consent,eligible,,,,,info,,END,,,,,
1,1720192076417,05/07/2024 15:07:56,1720195676417,1,05/07/2024 17:07:56,172913,29,questionnaire-8mck,,38774690,BLIND,11377630,,complete,,,computer,Desktop or Laptop,Windows 10,Chrome 126.0.0.0,1280x720,1280x551,,,0,Debrief Form,2,D,Consent,eligible,,,,,info,,BEGIN,,,,,
2,1720192086200,05/07/2024 15:08:06,1720195686200,1,05/07/2024 17:08:06,172913,29,questionnaire-8mck,,38774690,BLIND,11377630,,complete,,,computer,Desktop or Laptop,Windows 10,Chrome 126.0.0.0,1280x720,1280x551,,,0,Debrief Form,2,D,Consent,eligible,,,,,info,,END,,,,,
1,1720192434703,05/07/2024 15:13:54,1720196034703,1,05/07/2024 17:13:54,172913,29,questionnaire-8mck,,38774852,BLIND,11377691,,complete,,,computer,Desktop or Laptop,Windows 10,Chrome 126.0.0.0,1366x768,1366x607,,,0,Debrief Form,2,E,Consent,eligible,,,,,info,,BEGIN,,,,,
2,1720192446239,05/07/2024 15:14:06,1720196046239,1,05/07/2024 17:14:06,172913,29,questionnaire-8mck,,38774852,BLIND,11377691,,complete,,,computer,Desktop or Laptop,Windows 10,Chrome 126.0.0.0,1366x768,1366x607,,,0,Debrief Form,2,E,Consent,eligible,,,,,info,,END,,,,,
1,1720192599584,05/07/2024 15:16:39,1720196199584,1,05/07/2024 17:16:39,172913,29,questionnaire-8mck,,38774921,BLIND,11377560,,complete,,,computer,Desktop or Laptop,Windows 10,Firefox 127.0,1366x768,1366x643,,,0,Debrief Form,2,A,Consent,eligible,,,,,info,,BEGIN,,,,,
2,1720192612797,05/07/2024 15:16:52,1720196212797,1,05/07/2024 17:16:52,172913,29,questionnaire-8mck,,38774921,BLIND,11377560,,complete,,,computer,Desktop or Laptop,Windows 10,Firefox 127.0,1366x768,1366x643,,,0,Debrief Form,2,A,Consent,eligible,,,,,info,,END,,,,,
1,1720192702303,05/07/2024 15:18:22,1720196302303,1,05/07/2024 17:18:22,172913,29,questionnaire-8mck,,38774975,BLIND,11377722,,complete,,,computer,Desktop or Laptop,Windows 10,Chrome 126.0.0.0,1280x720,1280x585,,,0,Debrief Form,2,C,Consent,eligible,,,,,info,,BEGIN,,,,,
2,1720192718406,05/07/2024 15:18:38,1720196318406,1,05/07/2024 17:18:38,172913,29,questionnaire-8mck,,38774975,BLIND,11377722,,complete,,,computer,Desktop or Laptop,Windows 10,Chrome 126.0.0.0,1280x720,1280x585,,,0,Debrief Form,2,C,Consent,eligible,,,,,info,,END,,,,,
1,1720193004021,05/07/2024 15:23:24,1720196604021,1,05/07/2024 17:23:24,172913,29,questionnaire-8mck,,38775117,BLIND,11377669,,complete,,,computer,Desktop or Laptop,Windows 10,Chrome 126.0.0.0,1366x768,1366x633,,,0,Debrief Form,2,F,Consent,eligible,,,,,info,,BEGIN,,,,,
2,1720193009935,05/07/2024 15:23:29,1720196609935,1,05/07/2024 17:23:29,172913,29,questionnaire-8mck,,38775117,BLIND,11377669,,complete,,,computer,Desktop or Laptop,Windows 10,Chrome 126.0.0.0,1366x768,1366x633,,,0,Debrief Form,2,F,Consent,eligible,,,,,info,,END,,,,,
1,1720193637350,05/07/2024 15:33:57,1720197237350,1,05/07/2024 17:33:57,172913,29,questionnaire-8mck,,38775564,BLIND,11377775,,complete,,,computer,Desktop or Laptop,Windows 10,Chrome 107.0.0.0,1366x768,1366x633,,,0,Debrief Form,2,B,Consent,eligible,,,,,info,,BEGIN,,,,,
2,1720193653069,05/07/2024 15:34:13,1720197253069,1,05/07/2024 17:34:13,172913,29,questionnaire-8mck,,38775564,BLIND,11377775,,complete,,,computer,Desktop or Laptop,Windows 10,Chrome 107.0.0.0,1366x768,1366x633,,,0,Debrief Form,2,B,Consent,eligible,,,,,info,,END,,,,,
1,1720193791427,05/07/2024 15:36:31,1720197391427,1,05/07/2024 17:36:31,172913,29,questionnaire-8mck,,38775681,BLIND,11377895,,complete,,,computer,Desktop or Laptop,Windows 10,Chrome 126.0.0.0,1366x768,1517x703,,,0,Debrief Form,2,C,Consent,eligible,,,,,info,,BEGIN,,,,,
2,1720193800142,05/07/2024 15:36:40,1720197400142,1,05/07/2024 17:36:40,172913,29,questionnaire-8mck,,38775681,BLIND,11377895,,complete,,,computer,Desktop or Laptop,Windows 10,Chrome 126.0.0.0,1366x768,1517x703,,,0,Debrief Form,2,C,Consent,eligible,,,,,info,,END,,,,,
1,1720194606362,05/07/2024 15:50:06,1720198206362,1,05/07/2024 17:50:06,172913,29,questionnaire-8mck,,38776563,BLIND,11377743,,complete,,,computer,Desktop or Laptop,Windows 10,Chrome 126.0.0.0,1847x1039,922x433,,,0,Debrief Form,2,A,Consent,eligible,,,,,info,,BEGIN,,,,,
2,1720194611371,05/07/2024 15:50:11,1720198211371,1,05/07/2024 17:50:11,172913,29,questionnaire-8mck,,38776563,BLIND,11377743,,complete,,,computer,Desktop or Laptop,Windows 10,Chrome 126.0.0.0,1847x1039,922x433,,,0,Debrief Form,2,A,Consent,eligible,,,,,info,,END,,,,,
1,1720216201374,05/07/2024 21:50:01,1720219801374,1,05/07/2024 23:50:01,172913,29,questionnaire-8mck,,38780437,BLIND,11379574,,complete,,,computer,Desktop or Laptop,Mac OS 10.15.7,Chrome 123.0.0.0,1440x900,1440x813,,,0,Debrief Form,2,B,Consent,eligible,,,,,info,,BEGIN,,,,,
2,1720216209303,05/07/2024 21:50:09,1720219809303,1,05/07/2024 23:50:09,172913,29,questionnaire-8mck,,38780437,BLIND,11379574,,complete,,,computer,Desktop or Laptop,Mac OS 10.15.7,Chrome 123.0.0.0,1440x900,1440x813,,,0,Debrief Form,2,B,Consent,eligible,,,,,info,,END,,,,,
1,1720216697594,05/07/2024 21:58:17,1720220297594,1,05/07/2024 23:58:17,172913,29,questionnaire-8mck,,38780464,BLIND,11379578,,complete,,,computer,Desktop or Laptop,Mac OS 10.15.7,Chrome 126.0.0.0,1440x900,1440x779,,,0,Debrief Form,2,D,Consent,eligible,,,,,info,,BEGIN,,,,,
2,1720216701846,05/07/2024 21:58:21,1720220301846,1,05/07/2024 23:58:21,172913,29,questionnaire-8mck,,38780464,BLIND,11379578,,complete,,,computer,Desktop or Laptop,Mac OS 10.15.7,Chrome 126.0.0.0,1440x900,1440x779,,,0,Debrief Form,2,D,Consent,eligible,,,,,info,,END,,,,,
1,1720555590955,09/07/2024 20:06:30,1720559190955,1,09/07/2024 22:06:30,172913,29,questionnaire-8mck,,38854313,BLIND,11398333,,complete,,,computer,Desktop or Laptop,Windows 10,Firefox 127.0,2560x1440,2560x1279,,,0,Debrief Form,2,F,Consent,eligible,,,,,info,,BEGIN,,,,,
2,1720555597819,09/07/2024 20:06:37,1720559197819,1,09/07/2024 22:06:37,172913,29,questionnaire-8mck,,38854313,BLIND,11398333,,complete,,,computer,Desktop or Laptop,Windows 10,Firefox 127.0,2560x1440,2560x1279,,,0,Debrief Form,2,F,Consent,eligible,,,,,info,,END,,,,,
1,1720555785636,09/07/2024 20:09:45,1720559385636,1,09/07/2024 22:09:45,172913,29,questionnaire-8mck,,38854403,BLIND,11398334,,complete,,,computer,Desktop or Laptop,Windows 10,Opera 109.0.0.0,2048x1152,2007x1011,,,0,Debrief Form,2,E,Consent,eligible,,,,,info,,BEGIN,,,,,
2,1720555797449,09/07/2024 20:09:57,1720559397449,1,09/07/2024 22:09:57,172913,29,questionnaire-8mck,,38854403,BLIND,11398334,,complete,,,computer,Desktop or Laptop,Windows 10,Opera 109.0.0.0,2048x1152,2007x1011,,,0,Debrief Form,2,E,Consent,eligible,,,,,info,,END,,,,,
1,1720555850573,09/07/2024 20:10:50,1720559450573,1,09/07/2024 22:10:50,172913,29,questionnaire-8mck,,38854440,BLIND,11398328,,complete,,,computer,Desktop or Laptop,Windows 10,Firefox 127.0,1920x1080,1920x927,,,0,Debrief Form,2,B,Consent,eligible,,,,,info,,BEGIN,,,,,
2,1720555853545,09/07/2024 20:10:53,1720559453545,1,09/07/2024 22:10:53,172913,29,questionnaire-8mck,,38854440,BLIND,11398328,,complete,,,computer,Desktop or Laptop,Windows 10,Firefox 127.0,1920x1080,1920x927,,,0,Debrief Form,2,B,Consent,eligible,,,,,info,,END,,,,,
1,1720555897736,09/07/2024 20:11:37,1720559497736,1,09/07/2024 22:11:37,172913,29,questionnaire-8mck,,38854469,BLIND,11398332,,complete,,,computer,Desktop or Laptop,Windows 10,Chrome 126.0.0.0,2560x1440,2048x1050,,,0,Debrief Form,2,A,Consent,eligible,,,,,info,,BEGIN,,,,,
2,1720555900418,09/07/2024 20:11:40,1720559500418,1,09/07/2024 22:11:40,172913,29,questionnaire-8mck,,38854469,BLIND,11398332,,complete,,,computer,Desktop or Laptop,Windows 10,Chrome 126.0.0.0,2560x1440,2048x1050,,,0,Debrief Form,2,A,Consent,eligible,,,,,info,,END,,,,,
1,1720555912549,09/07/2024 20:11:52,1720559512549,1,09/07/2024 22:11:52,172913,29,questionnaire-8mck,,38854477,BLIND,11398344,,complete,,,computer,Desktop or Laptop,Windows 10,Chrome 126.0.0.0,2560x1440,2560x1313,,,0,Debrief Form,2,A,Consent,eligible,,,,,info,,BEGIN,,,,,
2,1720555918373,09/07/2024 20:11:58,1720559518373,1,09/07/2024 22:11:58,172913,29,questionnaire-8mck,,38854477,BLIND,11398344,,complete,,,computer,Desktop or Laptop,Windows 10,Chrome 126.0.0.0,2560x1440,2560x1313,,,0,Debrief Form,2,A,Consent,eligible,,,,,info,,END,,,,,
1,1720555990319,09/07/2024 20:13:10,1720559590319,1,09/07/2024 22:13:10,172913,29,questionnaire-8mck,,38854527,BLIND,11398403,,complete,,,computer,Desktop or Laptop,Linux x86_64,Chrome 125.0.0.0,1205x753,1205x633,,,0,Debrief Form,2,F,Consent,eligible,,,,,info,,BEGIN,,,,,
2,1720555999372,09/07/2024 20:13:19,1720559599372,1,09/07/2024 22:13:19,172913,29,questionnaire-8mck,,38854527,BLIND,11398403,,complete,,,computer,Desktop or Laptop,Linux x86_64,Chrome 125.0.0.0,1205x753,1205x729,,,0,Debrief Form,2,F,Consent,eligible,,,,,info,,END,,,,,
1,1720556049215,09/07/2024 20:14:09,1720559649215,1,09/07/2024 22:14:09,172913,29,questionnaire-8mck,,38854554,BLIND,11398335,,complete,,,computer,Desktop or Laptop,Windows 10,Chrome 126.0.0.0,1933x816,1690x632,,,0,Debrief Form,2,C,Consent,eligible,,,,,info,,BEGIN,,,,,
2,1720556062367,09/07/2024 20:14:22,1720559662367,1,09/07/2024 22:14:22,172913,29,questionnaire-8mck,,38854554,BLIND,11398335,,complete,,,computer,Desktop or Laptop,Windows 10,Chrome 126.0.0.0,1933x816,1690x632,,,0,Debrief Form,2,C,Consent,eligible,,,,,info,,END,,,,,
1,1720556124066,09/07/2024 20:15:24,1720559724066,1,09/07/2024 22:15:24,172913,29,questionnaire-8mck,,38854589,BLIND,11398394,,complete,,,computer,Desktop or Laptop,Windows 10,Chrome 126.0.0.0,1536x1024,1536x855,,,0,Debrief Form,2,E,Consent,eligible,,,,,info,,BEGIN,,,,,
2,1720556130446,09/07/2024 20:15:30,1720559730446,1,09/07/2024 22:15:30,172913,29,questionnaire-8mck,,38854589,BLIND,11398394,,complete,,,computer,Desktop or Laptop,Windows 10,Chrome 126.0.0.0,1536x1024,1536x855,,,0,Debrief Form,2,E,Consent,eligible,,,,,info,,END,,,,,
1,1720556152601,09/07/2024 20:15:52,1720559752601,1,09/07/2024 22:15:52,172913,29,questionnaire-8mck,,38854611,BLIND,11398331,,complete,,,computer,Desktop or Laptop,Windows 10,Chrome 126.0.0.0,1536x864,1536x643,,,0,Debrief Form,2,A,Consent,eligible,,,,,info,,BEGIN,,,,,
2,1720556158978,09/07/2024 20:15:58,1720559758978,1,09/07/2024 22:15:58,172913,29,questionnaire-8mck,,38854611,BLIND,11398331,,complete,,,computer,Desktop or Laptop,Windows 10,Chrome 126.0.0.0,1536x864,1536x643,,,0,Debrief Form,2,A,Consent,eligible,,,,,info,,END,,,,,
1,1720556329965,09/07/2024 20:18:49,1720559929965,1,09/07/2024 22:18:49,172913,29,questionnaire-8mck,,38854708,BLIND,11398341,,complete,,,computer,Desktop or Laptop,Windows 10,Firefox 127.0,1536x864,1536x703,,,0,Debrief Form,2,D,Consent,eligible,,,,,info,,BEGIN,,,,,
2,1720556346674,09/07/2024 20:19:06,1720559946674,1,09/07/2024 22:19:06,172913,29,questionnaire-8mck,,38854708,BLIND,11398341,,complete,,,computer,Desktop or Laptop,Windows 10,Firefox 127.0,1536x864,1536x703,,,0,Debrief Form,2,D,Consent,eligible,,,,,info,,END,,,,,
1,1720556792146,09/07/2024 20:26:32,1720560392146,1,09/07/2024 22:26:32,172913,29,questionnaire-8mck,,38854901,BLIND,11398329,,complete,,,computer,Desktop or Laptop,Windows 10,Opera 109.0.0.0,1920x1080,1879x924,,,0,Debrief Form,2,F,Consent,eligible,,,,,info,,BEGIN,,,,,
2,1720556802841,09/07/2024 20:26:42,1720560402841,1,09/07/2024 22:26:42,172913,29,questionnaire-8mck,,38854901,BLIND,11398329,,complete,,,computer,Desktop or Laptop,Windows 10,Opera 109.0.0.0,1920x1080,1879x924,,,0,Debrief Form,2,F,Consent,eligible,,,,,info,,END,,,,,
1,1720557591184,09/07/2024 20:39:51,1720561191184,1,09/07/2024 22:39:51,172913,29,questionnaire-8mck,,38855208,BLIND,11398618,,complete,,,computer,Desktop or Laptop,Windows 10,Chrome 126.0.0.0,1280x720,1280x632,,,0,Debrief Form,2,E,Consent,eligible,,,,,info,,BEGIN,,,,,
2,1720557602048,09/07/2024 20:40:02,1720561202048,1,09/07/2024 22:40:02,172913,29,questionnaire-8mck,,38855208,BLIND,11398618,,complete,,,computer,Desktop or Laptop,Windows 10,Chrome 126.0.0.0,1280x720,1280x632,,,0,Debrief Form,2,E,Consent,eligible,,,,,info,,END,,,,,
1,1720557926283,09/07/2024 20:45:26,1720561526283,1,09/07/2024 22:45:26,172913,29,questionnaire-8mck,,38855319,BLIND,11398605,,complete,,,computer,Desktop or Laptop,Windows 10,Firefox 128.0,1536x864,1536x710,,,0,Debrief Form,2,D,Consent,eligible,,,,,info,,BEGIN,,,,,
2,1720557937406,09/07/2024 20:45:37,1720561537406,1,09/07/2024 22:45:37,172913,29,questionnaire-8mck,,38855319,BLIND,11398605,,complete,,,computer,Desktop or Laptop,Windows 10,Firefox 128.0,1536x864,1536x710,,,0,Debrief Form,2,D,Consent,eligible,,,,,info,,END,,,,,
1,1720557928203,09/07/2024 20:45:28,1720561528203,1,09/07/2024 22:45:28,172913,29,questionnaire-8mck,,38855320,BLIND,11398625,,complete,,,computer,Desktop or Laptop,Windows 10,Chrome 126.0.0.0,1280x720,1280x585,,,0,Debrief Form,2,B,Consent,eligible,,,,,info,,BEGIN,,,,,
2,1720557939131,09/07/2024 20:45:39,1720561539131,1,09/07/2024 22:45:39,172913,29,questionnaire-8mck,,38855320,BLIND,11398625,,complete,,,computer,Desktop or Laptop,Windows 10,Chrome 126.0.0.0,1280x720,1280x585,,,0,Debrief Form,2,B,Consent,eligible,,,,,info,,END,,,,,
1,1720558680793,09/07/2024 20:58:00,1720562280793,1,09/07/2024 22:58:00,172913,29,questionnaire-8mck,,38855623,BLIND,11398741,,complete,,,computer,Desktop or Laptop,Mac OS 10.15.7,Chrome 126.0.0.0,1440x900,1440x813,,,0,Debrief Form,2,C,Consent,eligible,,,,,info,,BEGIN,,,,,
2,1720558692530,09/07/2024 20:58:12,1720562292530,1,09/07/2024 22:58:12,172913,29,questionnaire-8mck,,38855623,BLIND,11398741,,complete,,,computer,Desktop or Laptop,Mac OS 10.15.7,Chrome 126.0.0.0,1440x900,1440x813,,,0,Debrief Form,2,C,Consent,eligible,,,,,info,,END,,,,,
END OF FILE
